timestamp,open,high,low,close,volume
2022-04-21,0.07669000,0.08674000,0.07408000,0.07553000,235538290.10000000
2022-04-22,0.07552000,0.08260000,0.07501000,0.07651000,181237325.20000000
2022-04-23,0.07649000,0.07685000,0.07428000,0.07471000,50150351.80000000
2022-04-24,0.07475000,0.07563000,0.07208000,0.07259000,59113004.90000000
2022-04-25,0.07260000,0.07320000,0.06654000,0.07315000,111439498.80000000
2022-04-26,0.07316000,0.07368000,0.06670000,0.06734000,75681166.70000000
2022-04-27,0.06729000,0.07467000,0.06692000,0.07004000,130010888.20000000
2022-04-28,0.07004000,0.07149000,0.06842000,0.07018000,71939046.90000000
2022-04-29,0.07022000,0.07193000,0.06435000,0.06581000,99774716.90000000
2022-04-30,0.06581000,0.06684000,0.05722000,0.05985000,112039018.20000000
2022-05-01,0.05986000,0.06469000,0.05841000,0.06364000,134397959.10000000
2022-05-02,0.06360000,0.06467000,0.06031000,0.06238000,80439637.40000000
2022-05-03,0.06238000,0.06367000,0.05985000,0.06100000,70386799.10000000
2022-05-04,0.06104000,0.06684000,0.06085000,0.06682000,102181631.90000000
2022-05-05,0.06683000,0.06813000,0.05889000,0.06054000,140627737.20000000
2022-05-06,0.06052000,0.06071000,0.05609000,0.05855000,143416264.00000000
2022-05-07,0.05853000,0.05872000,0.05418000,0.05595000,74467715.90000000
2022-05-08,0.05593000,0.05636000,0.05355000,0.05414000,99465744.40000000
2022-05-09,0.05422000,0.05567000,0.04312000,0.04380000,168032371.10000000
2022-05-10,0.04375000,0.05127000,0.04210000,0.04607000,214501300.50000000
2022-05-11,0.04603000,0.04736000,0.03000000,0.03344000,290514751.60000000
2022-05-12,0.03345000,0.03587000,0.02504000,0.03177000,326289841.30000000
2022-05-13,0.03181000,0.03922000,0.03122000,0.03547000,228353804.20000000
2022-05-14,0.03543000,0.03933000,0.03424000,0.03912000,221357051.90000000
2022-05-15,0.03912000,0.04046000,0.03626000,0.04027000,167629508.50000000
2022-05-16,0.04026000,0.04026000,0.03626000,0.03801000,184369477.90000000
2022-05-17,0.03802000,0.04137000,0.03783000,0.04111000,123482879.30000000
2022-05-18,0.04111000,0.04145000,0.03540000,0.03559000,177740060.00000000
2022-05-19,0.03557000,0.03848000,0.03357000,0.03793000,102255931.80000000
2022-05-20,0.03794000,0.03955000,0.03565000,0.03646000,123560528.40000000
2022-05-21,0.03646000,0.03923000,0.03581000,0.03874000,111669883.30000000
2022-05-22,0.03872000,0.04262000,0.03853000,0.04085000,121478082.20000000
2022-05-23,0.04084000,0.04280000,0.03791000,0.03861000,84987319.90000000
2022-05-24,0.03868000,0.04011000,0.03690000,0.03964000,83944318.10000000
2022-05-25,0.03965000,0.04024000,0.03748000,0.03833000,103301035.90000000
2022-05-26,0.03833000,0.03909000,0.03423000,0.03584000,110296984.00000000
2022-05-27,0.03579000,0.03702000,0.03395000,0.03504000,93938518.40000000
2022-05-28,0.03504000,0.03740000,0.03484000,0.03603000,103278582.20000000
2022-05-29,0.03603000,0.03677000,0.03475000,0.03675000,66238325.60000000
2022-05-30,0.03676000,0.03963000,0.03614000,0.03956000,89548599.90000000
2022-05-31,0.03955000,0.04018000,0.03735000,0.03891000,83462400.60000000
2022-06-01,0.03891000,0.04056000,0.03579000,0.03694000,148884212.10000000
2022-06-02,0.03701000,0.04135000,0.03656000,0.03943000,190091013.80000000
2022-06-03,0.03941000,0.03952000,0.03682000,0.03792000,63535633.80000000
2022-06-04,0.03794000,0.03821000,0.03653000,0.03818000,38924375.40000000
2022-06-05,0.03819000,0.03973000,0.03716000,0.03868000,70590603.00000000
2022-06-06,0.03868000,0.04102000,0.03862000,0.03999000,94839311.10000000
2022-06-07,0.03997000,0.04083000,0.03663000,0.03914000,119396523.20000000
2022-06-08,0.03915000,0.03977000,0.03767000,0.03827000,49396437.90000000
2022-06-09,0.03827000,0.03928000,0.03741000,0.03785000,45485989.80000000
2022-06-10,0.03783000,0.03796000,0.03455000,0.03481000,69148846.40000000
2022-06-11,0.03481000,0.03566000,0.03116000,0.03188000,67550146.50000000
2022-06-12,0.03191000,0.03216000,0.02890000,0.02922000,97867647.20000000
2022-06-13,0.02927000,0.03000000,0.02473000,0.02686000,202632468.70000000
2022-06-14,0.02679000,0.02763000,0.02431000,0.02629000,142653093.40000000
2022-06-15,0.02627000,0.02818000,0.02357000,0.02816000,152377790.90000000
2022-06-16,0.02813000,0.02848000,0.02510000,0.02562000,146675196.00000000
2022-06-17,0.02562000,0.02809000,0.02538000,0.02684000,93866505.00000000
2022-06-18,0.02685000,0.02769000,0.02301000,0.02515000,191707945.90000000
2022-06-19,0.02513000,0.02798000,0.02405000,0.02776000,192261652.50000000
2022-06-20,0.02776000,0.03087000,0.02710000,0.02926000,241195124.60000000
2022-06-21,0.02923000,0.03269000,0.02917000,0.02972000,176959204.30000000
2022-06-22,0.02976000,0.03015000,0.02775000,0.02918000,139223423.60000000
2022-06-23,0.02917000,0.03214000,0.02797000,0.02981000,212902515.50000000
2022-06-24,0.02983000,0.03210000,0.02954000,0.03168000,203649338.40000000
2022-06-25,0.03165000,0.03177000,0.02994000,0.03154000,80408974.70000000
2022-06-26,0.03157000,0.03200000,0.02980000,0.02993000,96667322.70000000
2022-06-27,0.02994000,0.03190000,0.02900000,0.03029000,111622995.30000000
2022-06-28,0.03033000,0.03110000,0.02832000,0.02855000,141224714.40000000
2022-06-29,0.02854000,0.02894000,0.02707000,0.02755000,99023377.00000000
2022-06-30,0.02755000,0.02780000,0.02503000,0.02761000,130400818.20000000
2022-07-01,0.02762000,0.02822000,0.02625000,0.02717000,100830892.80000000
2022-07-02,0.02719000,0.02856000,0.02681000,0.02776000,132255374.00000000
2022-07-03,0.02779000,0.02804000,0.02686000,0.02769000,56032216.40000000
2022-07-04,0.02772000,0.02847000,0.02663000,0.02836000,63366263.30000000
2022-07-05,0.02838000,0.02864000,0.02687000,0.02760000,63415157.40000000
2022-07-06,0.02759000,0.02858000,0.02745000,0.02828000,68840815.60000000
2022-07-07,0.02828000,0.03019000,0.02798000,0.02951000,78500047.80000000
2022-07-08,0.02952000,0.03001000,0.02843000,0.02892000,89941272.30000000
2022-07-09,0.02894000,0.03047000,0.02894000,0.03006000,48253437.90000000
2022-07-10,0.03008000,0.03010000,0.02815000,0.02855000,82339859.10000000
2022-07-11,0.02854000,0.02857000,0.02620000,0.02648000,72046182.90000000
2022-07-12,0.02648000,0.02736000,0.02579000,0.02581000,80942206.10000000
2022-07-13,0.02580000,0.02709000,0.02488000,0.02676000,87053947.10000000
2022-07-14,0.02678000,0.02730000,0.02587000,0.02706000,78908425.30000000
2022-07-15,0.02705000,0.02785000,0.02672000,0.02724000,74442200.20000000
2022-07-16,0.02726000,0.02810000,0.02648000,0.02784000,66517079.20000000
2022-07-17,0.02782000,0.02867000,0.02724000,0.02739000,74097141.10000000
2022-07-18,0.02742000,0.02940000,0.02737000,0.02916000,113700334.90000000
2022-07-19,0.02913000,0.03265000,0.02838000,0.03157000,268941591.50000000
2022-07-20,0.03158000,0.03450000,0.02985000,0.03003000,259925864.30000000
2022-07-21,0.03008000,0.03073000,0.02859000,0.02999000,97232518.70000000
2022-07-22,0.03000000,0.03067000,0.02852000,0.02886000,73382780.00000000
2022-07-23,0.02889000,0.02955000,0.02803000,0.02899000,53408820.60000000
2022-07-24,0.02898000,0.02957000,0.02862000,0.02885000,49172176.20000000
2022-07-25,0.02884000,0.02903000,0.02667000,0.02670000,54489141.60000000
2022-07-26,0.02671000,0.02695000,0.02581000,0.02692000,61640046.10000000
2022-07-27,0.02690000,0.02875000,0.02640000,0.02875000,56981009.40000000
2022-07-28,0.02875000,0.03056000,0.02815000,0.03003000,101984250.20000000
2022-07-29,0.03004000,0.03058000,0.02900000,0.02976000,91786389.00000000
2022-07-30,0.02981000,0.03158000,0.02935000,0.02982000,120904742.10000000
2022-07-31,0.02985000,0.03280000,0.02961000,0.03025000,200062555.70000000
2022-08-01,0.03027000,0.03309000,0.03004000,0.03190000,231000461.50000000
2022-08-02,0.03194000,0.03355000,0.02962000,0.03148000,139777965.80000000
2022-08-03,0.03154000,0.03300000,0.03000000,0.03155000,160528439.70000000
2022-08-04,0.03153000,0.03297000,0.03146000,0.03218000,132617137.60000000
2022-08-05,0.03217000,0.03364000,0.03188000,0.03356000,83115773.90000000
2022-08-06,0.03354000,0.03369000,0.03254000,0.03277000,40067837.80000000
2022-08-07,0.03280000,0.03368000,0.03213000,0.03312000,64963360.20000000
2022-08-08,0.03313000,0.03421000,0.03246000,0.03324000,66466239.40000000
2022-08-09,0.03326000,0.03357000,0.03058000,0.03152000,106251628.70000000
2022-08-10,0.03154000,0.03542000,0.03081000,0.03537000,277078398.20000000
2022-08-11,0.03538000,0.05885000,0.03451000,0.05202000,1841841859.90000000
2022-08-12,0.05202000,0.05791000,0.04736000,0.04832000,1070704576.90000000
2022-08-13,0.04836000,0.04843000,0.04399000,0.04506000,511009499.20000000
2022-08-14,0.04504000,0.05363000,0.04422000,0.04853000,1001040248.70000000
2022-08-15,0.04851000,0.05049000,0.04453000,0.04866000,736816528.90000000
2022-08-16,0.04866000,0.05376000,0.04656000,0.05112000,715688062.10000000
2022-08-17,0.05111000,0.05291000,0.04632000,0.04673000,426606043.80000000
2022-08-18,0.04674000,0.04813000,0.04403000,0.04440000,233950244.90000000
2022-08-19,0.04440000,0.04635000,0.03807000,0.03853000,336479263.80000000
2022-08-20,0.03853000,0.04139000,0.03637000,0.03771000,211112980.70000000
2022-08-21,0.03771000,0.03886000,0.03712000,0.03826000,128497211.20000000
2022-08-22,0.03830000,0.03832000,0.03527000,0.03711000,151783383.00000000
2022-08-23,0.03710000,0.03754000,0.03540000,0.03754000,110218422.90000000
2022-08-24,0.03755000,0.04319000,0.03596000,0.04020000,497654025.20000000
2022-08-25,0.04022000,0.04459000,0.04010000,0.04099000,472823888.10000000
2022-08-26,0.04099000,0.04265000,0.03637000,0.03704000,281725558.30000000
2022-08-27,0.03706000,0.03793000,0.03526000,0.03595000,170348803.60000000
2022-08-28,0.03597000,0.03960000,0.03543000,0.03558000,250920487.20000000
2022-08-29,0.03559000,0.03711000,0.03493000,0.03685000,193810099.70000000
2022-08-30,0.03682000,0.03868000,0.03423000,0.03527000,180393244.10000000
2022-08-31,0.03528000,0.03671000,0.03497000,0.03536000,163667612.50000000
2022-09-01,0.03538000,0.03563000,0.03345000,0.03507000,98682135.20000000
2022-09-02,0.03507000,0.03565000,0.03383000,0.03434000,84592339.00000000
2022-09-03,0.03434000,0.03464000,0.03398000,0.03445000,38633925.40000000
2022-09-04,0.03445000,0.03814000,0.03437000,0.03577000,231716258.80000000
2022-09-05,0.03577000,0.03649000,0.03416000,0.03551000,250335697.70000000
2022-09-06,0.03551000,0.03754000,0.03295000,0.03333000,314817975.40000000
2022-09-07,0.03333000,0.03470000,0.03207000,0.03458000,139252279.40000000
2022-09-08,0.03460000,0.03722000,0.03313000,0.03539000,232994760.90000000
2022-09-09,0.03541000,0.04035000,0.03513000,0.03896000,321291421.70000000
2022-09-10,0.03897000,0.03914000,0.03720000,0.03796000,157182044.80000000
2022-09-11,0.03797000,0.03881000,0.03665000,0.03799000,160079771.90000000
2022-09-12,0.03800000,0.03882000,0.03692000,0.03755000,147706572.40000000
2022-09-13,0.03752000,0.03837000,0.03357000,0.03374000,170180658.80000000
2022-09-14,0.03371000,0.03475000,0.03344000,0.03440000,108686223.70000000
2022-09-15,0.03438000,0.03444000,0.03226000,0.03282000,117107150.50000000
2022-09-16,0.03280000,0.03390000,0.03231000,0.03300000,164234253.20000000
2022-09-17,0.03301000,0.03550000,0.03292000,0.03454000,156901588.80000000
2022-09-18,0.03456000,0.03461000,0.02974000,0.03077000,118698154.90000000
2022-09-19,0.03077000,0.03156000,0.02899000,0.03132000,154419987.50000000
2022-09-20,0.03132000,0.03154000,0.02969000,0.02990000,85101418.30000000
2022-09-21,0.02990000,0.03166000,0.02860000,0.02897000,150284486.10000000
2022-09-22,0.02896000,0.03097000,0.02894000,0.03063000,108133330.80000000
2022-09-23,0.03064000,0.03139000,0.02928000,0.03074000,112954105.70000000
2022-09-24,0.03072000,0.03102000,0.02979000,0.03010000,66705887.70000000
2022-09-25,0.03009000,0.03049000,0.02914000,0.02938000,66366912.80000000
2022-09-26,0.02941000,0.03232000,0.02904000,0.03066000,208885112.10000000
2022-09-27,0.03067000,0.03182000,0.02969000,0.03020000,147086516.70000000
2022-09-28,0.03018000,0.03070000,0.02889000,0.03030000,127609459.30000000
2022-09-29,0.03029000,0.03166000,0.02985000,0.03111000,132979705.40000000
2022-09-30,0.03113000,0.03131000,0.03006000,0.03049000,85176454.00000000
2022-10-01,0.03050000,0.03074000,0.03030000,0.03044000,35954140.80000000
2022-10-02,0.03044000,0.03080000,0.02963000,0.02994000,59603307.50000000
2022-10-03,0.02994000,0.03131000,0.02958000,0.03064000,78781819.30000000
2022-10-04,0.03062000,0.03127000,0.03030000,0.03107000,94242254.60000000
2022-10-05,0.03109000,0.03129000,0.03028000,0.03094000,60459482.20000000
2022-10-06,0.03095000,0.03144000,0.03036000,0.03075000,68619507.00000000
2022-10-07,0.03074000,0.03083000,0.02973000,0.03040000,106892719.80000000
2022-10-08,0.03039000,0.03084000,0.03000000,0.03031000,74071486.40000000
2022-10-09,0.03028000,0.03047000,0.02998000,0.03035000,47600773.20000000
2022-10-10,0.03035000,0.03065000,0.02878000,0.02883000,60544286.30000000
2022-10-11,0.02883000,0.02883000,0.02794000,0.02822000,59971024.10000000
2022-10-12,0.02824000,0.02855000,0.02758000,0.02789000,37785406.80000000
2022-10-13,0.02788000,0.02795000,0.02504000,0.02725000,112470418.90000000
2022-10-14,0.02725000,0.02815000,0.02656000,0.02702000,59956684.00000000
2022-10-15,0.02700000,0.02756000,0.02678000,0.02705000,67815826.70000000
2022-10-16,0.02706000,0.02791000,0.02703000,0.02742000,69399460.60000000
2022-10-17,0.02742000,0.02831000,0.02712000,0.02829000,64617894.20000000
2022-10-18,0.02829000,0.03700000,0.02822000,0.03302000,1258471280.60000000
2022-10-19,0.03302000,0.03320000,0.02957000,0.02976000,359929147.70000000
2022-10-20,0.02975000,0.03070000,0.02870000,0.02895000,152479250.30000000
2022-10-21,0.02893000,0.02899000,0.02717000,0.02834000,110096799.60000000
2022-10-22,0.02834000,0.02942000,0.02788000,0.02867000,122174796.10000000
2022-10-23,0.02867000,0.02885000,0.02777000,0.02875000,68474763.00000000
2022-10-24,0.02873000,0.02878000,0.02773000,0.02796000,57652663.10000000
2022-10-25,0.02797000,0.02914000,0.02779000,0.02846000,84804242.30000000
2022-10-26,0.02846000,0.02956000,0.02835000,0.02915000,85482232.00000000
2022-10-27,0.02913000,0.03010000,0.02855000,0.02866000,84998901.40000000
2022-10-28,0.02865000,0.02937000,0.02808000,0.02914000,58134206.60000000
2022-10-29,0.02914000,0.03020000,0.02914000,0.02971000,144030622.90000000
2022-10-30,0.02971000,0.03052000,0.02890000,0.02937000,140985863.70000000
2022-10-31,0.02935000,0.02995000,0.02845000,0.02938000,128865241.70000000
2022-11-01,0.02938000,0.03202000,0.02925000,0.02959000,256635268.00000000
2022-11-02,0.02959000,0.03009000,0.02815000,0.02857000,204328488.50000000
2022-11-03,0.02853000,0.03173000,0.02843000,0.02965000,366926965.60000000
2022-11-04,0.02967000,0.03209000,0.02953000,0.03199000,293236614.60000000
2022-11-05,0.03203000,0.03246000,0.03058000,0.03118000,144835144.60000000
2022-11-06,0.03119000,0.03146000,0.02918000,0.02933000,120838838.50000000
2022-11-07,0.02934000,0.03026000,0.02848000,0.02906000,168667384.30000000
2022-11-08,0.02905000,0.02946000,0.02143000,0.02459000,279835238.20000000
2022-11-09,0.02461000,0.02501000,0.01891000,0.01961000,264393090.80000000
2022-11-10,0.01960000,0.02376000,0.01930000,0.02305000,263257984.70000000
2022-11-11,0.02308000,0.02348000,0.02076000,0.02177000,155639840.70000000
2022-11-12,0.02178000,0.02182000,0.02039000,0.02067000,88398373.80000000
2022-11-13,0.02067000,0.02982000,0.01971000,0.02031000,587626558.00000000
2022-11-14,0.02031000,0.02377000,0.01921000,0.02131000,388832289.50000000
2022-11-15,0.02130000,0.02220000,0.02076000,0.02176000,159245103.30000000
2022-11-16,0.02176000,0.02206000,0.02071000,0.02119000,127569393.90000000
2022-11-17,0.02120000,0.02136000,0.02056000,0.02103000,81395379.20000000
2022-11-18,0.02104000,0.02153000,0.02078000,0.02127000,74259197.50000000
2022-11-19,0.02126000,0.02279000,0.02109000,0.02205000,208631813.70000000
2022-11-20,0.02204000,0.02320000,0.02045000,0.02054000,158336734.20000000
2022-11-21,0.02053000,0.02220000,0.01976000,0.02092000,181553175.60000000
2022-11-22,0.02091000,0.02178000,0.02016000,0.02178000,127268905.50000000
2022-11-23,0.02177000,0.02290000,0.02154000,0.02280000,129565620.70000000
2022-11-24,0.02278000,0.02652000,0.02276000,0.02340000,530959302.70000000
2022-11-25,0.02340000,0.02340000,0.02234000,0.02272000,116624844.00000000
2022-11-26,0.02273000,0.02315000,0.02232000,0.02262000,77046783.80000000
2022-11-27,0.02262000,0.02279000,0.02209000,0.02218000,74424278.50000000
2022-11-28,0.02217000,0.02238000,0.02111000,0.02159000,81450109.40000000
2022-11-29,0.02159000,0.02220000,0.02135000,0.02185000,53792548.70000000
2022-11-30,0.02185000,0.02295000,0.02184000,0.02284000,129639038.40000000
2022-12-01,0.02286000,0.02290000,0.02209000,0.02235000,103155813.00000000
2022-12-02,0.02235000,0.02252000,0.02028000,0.02205000,458253414.10000000
2022-12-03,0.02204000,0.02216000,0.02143000,0.02151000,78108727.20000000
2022-12-04,0.02151000,0.02185000,0.02128000,0.02169000,103857432.10000000
2022-12-05,0.02170000,0.02191000,0.02122000,0.02148000,87652432.10000000
2022-12-06,0.02148000,0.02190000,0.02081000,0.02167000,135930747.30000000
2022-12-07,0.02167000,0.02176000,0.02056000,0.02075000,83157420.40000000
2022-12-08,0.02075000,0.02113000,0.02061000,0.02109000,86219078.50000000
2022-12-09,0.02109000,0.02126000,0.02083000,0.02100000,58657818.40000000
2022-12-10,0.02099000,0.02189000,0.02093000,0.02150000,144621465.80000000
2022-12-11,0.02149000,0.02173000,0.02082000,0.02105000,70814664.90000000
2022-12-12,0.02104000,0.02105000,0.02018000,0.02066000,62903490.90000000
2022-12-13,0.02067000,0.02150000,0.01965000,0.02111000,103546220.50000000
2022-12-14,0.02111000,0.02148000,0.02058000,0.02086000,74372154.60000000
2022-12-15,0.02085000,0.02095000,0.02031000,0.02040000,42265810.40000000
2022-12-16,0.02040000,0.02049000,0.01803000,0.01841000,85671824.80000000
2022-12-17,0.01838000,0.01842000,0.01745000,0.01835000,74059141.00000000
2022-12-18,0.01835000,0.01844000,0.01801000,0.01816000,46323049.70000000
2022-12-19,0.01819000,0.01840000,0.01658000,0.01689000,70939709.90000000
2022-12-20,0.01689000,0.01806000,0.01677000,0.01791000,65236617.60000000
2022-12-21,0.01789000,0.01789000,0.01716000,0.01756000,128682586.60000000
2022-12-22,0.01753000,0.01762000,0.01700000,0.01755000,51472947.20000000
2022-12-23,0.01759000,0.01797000,0.01744000,0.01769000,92231844.40000000
2022-12-24,0.01768000,0.01771000,0.01736000,0.01756000,54634734.50000000
2022-12-25,0.01756000,0.01773000,0.01700000,0.01719000,45992502.60000000
2022-12-26,0.01719000,0.01731000,0.01664000,0.01701000,69460364.60000000
2022-12-27,0.01701000,0.01728000,0.01617000,0.01651000,100166254.10000000
2022-12-28,0.01652000,0.01656000,0.01510000,0.01529000,102416833.50000000
2022-12-29,0.01529000,0.01536000,0.01459000,0.01503000,97014810.70000000
2022-12-30,0.01503000,0.01570000,0.01465000,0.01529000,174920563.70000000
2022-12-31,0.01529000,0.01555000,0.01513000,0.01534000,54295667.40000000
2023-01-01,0.01535000,0.01589000,0.01530000,0.01565000,79320086.40000000
2023-01-02,0.01564000,0.01620000,0.01535000,0.01594000,100378850.20000000
2023-01-03,0.01593000,0.01603000,0.01565000,0.01582000,66227984.80000000
2023-01-04,0.01582000,0.01678000,0.01582000,0.01640000,112355357.60000000
2023-01-05,0.01641000,0.01658000,0.01603000,0.01617000,73119914.00000000
2023-01-06,0.01617000,0.01698000,0.01570000,0.01660000,140986792.60000000
2023-01-07,0.01662000,0.01673000,0.01634000,0.01642000,52810047.90000000
2023-01-08,0.01643000,0.02040000,0.01611000,0.01903000,751869993.20000000
2023-01-09,0.01903000,0.02237000,0.01849000,0.01983000,1017435059.60000000
2023-01-10,0.01983000,0.02139000,0.01966000,0.02017000,365754490.80000000
2023-01-11,0.02017000,0.02022000,0.01896000,0.01957000,182205155.00000000
2023-01-12,0.01956000,0.02091000,0.01876000,0.02026000,306005226.10000000
2023-01-13,0.02026000,0.02320000,0.02026000,0.02177000,654694060.20000000
2023-01-14,0.02178000,0.02510000,0.02124000,0.02306000,421999200.20000000
2023-01-15,0.02304000,0.02350000,0.02182000,0.02310000,187215044.60000000
2023-01-16,0.02310000,0.02512000,0.02200000,0.02273000,423906588.70000000
2023-01-17,0.02272000,0.02482000,0.02255000,0.02308000,294185214.30000000
2023-01-18,0.02308000,0.02556000,0.02081000,0.02153000,573807971.10000000
2023-01-19,0.02153000,0.02286000,0.02151000,0.02266000,171941569.30000000
2023-01-20,0.02266000,0.02431000,0.02244000,0.02421000,361832967.10000000
2023-01-21,0.02420000,0.02540000,0.02372000,0.02410000,361810670.80000000
2023-01-22,0.02411000,0.02559000,0.02363000,0.02441000,242769477.90000000
2023-01-23,0.02441000,0.02712000,0.02435000,0.02662000,402786601.90000000
2023-01-24,0.02661000,0.03183000,0.02570000,0.02702000,1095341229.70000000
2023-01-25,0.02703000,0.03093000,0.02575000,0.02772000,857173737.60000000
2023-01-26,0.02773000,0.02872000,0.02698000,0.02766000,283697613.40000000
2023-01-27,0.02766000,0.02831000,0.02657000,0.02799000,254261674.70000000
2023-01-28,0.02798000,0.02861000,0.02681000,0.02722000,202565462.80000000
2023-01-29,0.02722000,0.02779000,0.02684000,0.02763000,112213347.00000000
2023-01-30,0.02763000,0.02785000,0.02428000,0.02505000,190570502.60000000
2023-01-31,0.02505000,0.02601000,0.02478000,0.02569000,89023716.30000000
2023-02-01,0.02570000,0.02893000,0.02557000,0.02804000,521337293.90000000
2023-02-02,0.02802000,0.02895000,0.02688000,0.02738000,223276514.00000000
2023-02-03,0.02738000,0.02868000,0.02722000,0.02868000,148827484.70000000
2023-02-04,0.02868000,0.02982000,0.02800000,0.02901000,281141380.50000000
2023-02-05,0.02900000,0.02952000,0.02681000,0.02796000,222035410.80000000
2023-02-06,0.02795000,0.03136000,0.02732000,0.02876000,540725137.80000000
2023-02-07,0.02879000,0.03264000,0.02821000,0.03117000,756117200.40000000
2023-02-08,0.03119000,0.03375000,0.02900000,0.03065000,409365927.50000000
2023-02-09,0.03067000,0.03555000,0.02786000,0.03087000,1270227600.20000000
2023-02-10,0.03087000,0.03444000,0.02903000,0.02994000,874812326.30000000
2023-02-11,0.02994000,0.03020000,0.02908000,0.03009000,198093261.20000000
2023-02-12,0.03008000,0.03055000,0.02835000,0.02911000,237676836.80000000
2023-02-13,0.02908000,0.02981000,0.02636000,0.02788000,265208583.60000000
2023-02-14,0.02789000,0.02883000,0.02691000,0.02878000,162294228.10000000
2023-02-15,0.02878000,0.03298000,0.02831000,0.03243000,612262386.20000000
2023-02-16,0.03243000,0.03287000,0.02979000,0.02991000,432229760.80000000
2023-02-17,0.02994000,0.03290000,0.02966000,0.03247000,520024226.40000000
2023-02-18,0.03245000,0.03356000,0.03204000,0.03281000,288926709.30000000
2023-02-19,0.03283000,0.03333000,0.03158000,0.03231000,209748594.10000000
2023-02-20,0.03234000,0.03600000,0.03181000,0.03478000,540720486.90000000
2023-02-21,0.03477000,0.05750000,0.03230000,0.04643000,3555388483.40000000
2023-02-22,0.04643000,0.05427000,0.04422000,0.04907000,2629882866.20000000
2023-02-23,0.04909000,0.05512000,0.04732000,0.04771000,1482474856.60000000
2023-02-24,0.04768000,0.04818000,0.04215000,0.04308000,1082043381.60000000
2023-02-25,0.04310000,0.04319000,0.03900000,0.04076000,712984570.60000000
2023-02-26,0.04075000,0.04489000,0.04026000,0.04304000,824144438.80000000
2023-02-27,0.04301000,0.04575000,0.04166000,0.04233000,793376966.40000000
2023-02-28,0.04234000,0.04384000,0.03842000,0.03904000,590581922.10000000
2023-03-01,0.03903000,0.04120000,0.03810000,0.03961000,406590102.80000000
2023-03-02,0.03960000,0.03963000,0.03643000,0.03776000,323351669.90000000
2023-03-03,0.03776000,0.03776000,0.03300000,0.03549000,430507474.30000000
2023-03-04,0.03548000,0.03637000,0.03221000,0.03362000,277077923.10000000
2023-03-05,0.03359000,0.03520000,0.03314000,0.03467000,269487598.00000000
2023-03-06,0.03466000,0.03510000,0.03294000,0.03404000,269597233.70000000
2023-03-07,0.03403000,0.03441000,0.03125000,0.03219000,235650116.60000000
2023-03-08,0.03220000,0.03243000,0.02931000,0.02970000,216524298.60000000
2023-03-09,0.02968000,0.03103000,0.02709000,0.02785000,266363611.60000000
2023-03-10,0.02784000,0.02790000,0.02550000,0.02777000,303282279.50000000
2023-03-11,0.02776000,0.02871000,0.02620000,0.02757000,182506606.80000000
2023-03-12,0.02756000,0.03027000,0.02643000,0.03018000,233678265.00000000
2023-03-13,0.03019000,0.03535000,0.02982000,0.03417000,477106173.90000000
2023-03-14,0.03417000,0.03896000,0.03371000,0.03614000,453718340.90000000
2023-03-15,0.03614000,0.03687000,0.03201000,0.03468000,376994205.30000000
2023-03-16,0.03469000,0.03645000,0.03320000,0.03532000,416362993.40000000
2023-03-17,0.03531000,0.03752000,0.03454000,0.03747000,224838220.80000000
2023-03-18,0.03747000,0.03818000,0.03475000,0.03595000,313246501.30000000
2023-03-19,0.03594000,0.03711000,0.03442000,0.03611000,198708398.70000000
2023-03-20,0.03613000,0.03654000,0.03347000,0.03381000,211995434.90000000
2023-03-21,0.03384000,0.03597000,0.03232000,0.03494000,182414634.90000000
2023-03-22,0.03497000,0.03567000,0.03162000,0.03268000,225363635.50000000
2023-03-23,0.03268000,0.03499000,0.03221000,0.03479000,203552175.30000000
2023-03-24,0.03480000,0.03526000,0.03293000,0.03349000,225970746.20000000
2023-03-25,0.03350000,0.03355000,0.03159000,0.03229000,156518935.40000000
2023-03-26,0.03229000,0.03348000,0.03184000,0.03263000,171438743.50000000
2023-03-27,0.03264000,0.03335000,0.02975000,0.03068000,211126611.80000000
2023-03-28,0.03069000,0.03200000,0.03006000,0.03188000,133038407.70000000
2023-03-29,0.03190000,0.03328000,0.03168000,0.03304000,175779464.40000000
2023-03-30,0.03304000,0.03366000,0.03143000,0.03217000,184111686.30000000
2023-03-31,0.03218000,0.03780000,0.03202000,0.03483000,803170012.70000000
2023-04-01,0.03483000,0.04184000,0.03450000,0.03774000,1748295409.20000000
2023-04-02,0.03774000,0.03832000,0.03426000,0.03490000,482044495.90000000
2023-04-03,0.03489000,0.03512000,0.03253000,0.03348000,512580958.90000000
2023-04-04,0.03349000,0.03576000,0.03349000,0.03482000,366036169.30000000
2023-04-05,0.03480000,0.03750000,0.03440000,0.03637000,415258595.50000000
2023-04-06,0.03636000,0.03636000,0.03445000,0.03547000,204958950.20000000
2023-04-07,0.03546000,0.03584000,0.03433000,0.03495000,131780706.10000000
2023-04-08,0.03495000,0.03601000,0.03466000,0.03526000,220307182.70000000
2023-04-09,0.03526000,0.03541000,0.03400000,0.03491000,126936200.30000000
2023-04-10,0.03492000,0.03664000,0.03471000,0.03637000,425783745.80000000
2023-04-11,0.03637000,0.03693000,0.03589000,0.03622000,229332183.20000000
2023-04-12,0.03622000,0.03626000,0.03406000,0.03551000,224628401.10000000
2023-04-13,0.03552000,0.03593000,0.03476000,0.03585000,165685058.60000000
2023-04-14,0.03586000,0.03684000,0.03499000,0.03622000,268426332.50000000
2023-04-15,0.03623000,0.03803000,0.03558000,0.03704000,342708309.70000000
2023-04-16,0.03704000,0.03733000,0.03600000,0.03694000,213858194.60000000
2023-04-17,0.03694000,0.03698000,0.03530000,0.03600000,192654239.40000000
2023-04-18,0.03600000,0.03787000,0.03541000,0.03714000,264033767.40000000
2023-04-19,0.03715000,0.03825000,0.03268000,0.03378000,423712809.60000000
2023-04-20,0.03376000,0.03452000,0.03239000,0.03297000,253160318.30000000
2023-04-21,0.03297000,0.03376000,0.03104000,0.03153000,261024200.30000000
2023-04-22,0.03152000,0.03261000,0.03125000,0.03250000,86032786.10000000
2023-04-23,0.03251000,0.03251000,0.03045000,0.03168000,93616838.50000000
2023-04-24,0.03168000,0.03200000,0.03071000,0.03140000,102994846.10000000
2023-04-25,0.03141000,0.03208000,0.03024000,0.03195000,96749113.90000000
2023-04-26,0.03195000,0.03310000,0.02955000,0.03126000,175556224.60000000
2023-04-27,0.03122000,0.03220000,0.03078000,0.03172000,95629425.20000000
2023-04-28,0.03172000,0.03172000,0.03068000,0.03133000,77541338.20000000
2023-04-29,0.03133000,0.03171000,0.03106000,0.03153000,50901685.90000000
2023-04-30,0.03153000,0.03165000,0.03064000,0.03085000,68471631.30000000
2023-05-01,0.03086000,0.03099000,0.02925000,0.02964000,104751520.50000000
2023-05-02,0.02963000,0.03005000,0.02910000,0.02994000,82460389.10000000
2023-05-03,0.02995000,0.03060000,0.02864000,0.03019000,129339533.30000000
2023-05-04,0.03019000,0.03023000,0.02914000,0.02946000,73918254.80000000
2023-05-05,0.02946000,0.03021000,0.02917000,0.03009000,73575101.70000000
2023-05-06,0.03009000,0.03023000,0.02833000,0.02889000,121401668.30000000
2023-05-07,0.02889000,0.02903000,0.02851000,0.02858000,34939653.70000000
2023-05-08,0.02860000,0.02884000,0.02504000,0.02612000,159975401.00000000
2023-05-09,0.02612000,0.02678000,0.02591000,0.02631000,67805758.70000000
2023-05-10,0.02630000,0.02738000,0.02563000,0.02708000,168475031.20000000
2023-05-11,0.02709000,0.02709000,0.02471000,0.02529000,150923975.10000000
2023-05-12,0.02530000,0.02575000,0.02393000,0.02574000,148237593.40000000
2023-05-13,0.02573000,0.02574000,0.02507000,0.02525000,64626455.40000000
2023-05-14,0.02525000,0.02574000,0.02486000,0.02559000,54445241.90000000
2023-05-15,0.02559000,0.02878000,0.02512000,0.02692000,622184435.00000000
2023-05-16,0.02694000,0.02697000,0.02603000,0.02642000,227571134.00000000
2023-05-17,0.02642000,0.02705000,0.02535000,0.02680000,206076640.60000000
2023-05-18,0.02680000,0.02687000,0.02531000,0.02590000,156721689.70000000
2023-05-19,0.02590000,0.02629000,0.02552000,0.02611000,122444981.80000000
2023-05-20,0.02611000,0.02620000,0.02567000,0.02607000,58767080.30000000
2023-05-21,0.02610000,0.02623000,0.02515000,0.02534000,62963569.00000000
2023-05-22,0.02535000,0.02563000,0.02486000,0.02537000,69582336.70000000
2023-05-23,0.02538000,0.02645000,0.02516000,0.02587000,135915901.20000000
2023-05-24,0.02588000,0.02591000,0.02418000,0.02478000,114948126.00000000
2023-05-25,0.02479000,0.02535000,0.02393000,0.02497000,101611743.10000000
2023-05-26,0.02497000,0.02523000,0.02464000,0.02515000,56191186.70000000
2023-05-27,0.02514000,0.02549000,0.02501000,0.02542000,75745577.90000000
2023-05-28,0.02541000,0.02667000,0.02529000,0.02624000,139040899.20000000
2023-05-29,0.02626000,0.02757000,0.02582000,0.02646000,303162618.20000000
2023-05-30,0.02647000,0.02700000,0.02605000,0.02647000,157214495.30000000
2023-05-31,0.02647000,0.02672000,0.02514000,0.02548000,177235673.80000000
2023-06-01,0.02548000,0.02555000,0.02486000,0.02500000,115999642.50000000
2023-06-02,0.02501000,0.02582000,0.02468000,0.02570000,133759334.90000000
2023-06-03,0.02570000,0.02629000,0.02545000,0.02576000,132893011.60000000
2023-06-04,0.02576000,0.02660000,0.02560000,0.02608000,117021823.20000000
2023-06-05,0.02608000,0.02612000,0.02283000,0.02356000,235091881.60000000
2023-06-06,0.02355000,0.02465000,0.02304000,0.02436000,190639995.10000000
2023-06-07,0.02437000,0.02437000,0.02296000,0.02326000,184155282.20000000
2023-06-08,0.02328000,0.02520000,0.02287000,0.02367000,381816865.50000000
2023-06-09,0.02367000,0.02399000,0.02306000,0.02346000,154401454.10000000
2023-06-10,0.02347000,0.02347000,0.01700000,0.02000000,397799203.30000000
2023-06-11,0.02001000,0.02052000,0.01984000,0.02013000,179922175.80000000
2023-06-12,0.02013000,0.02034000,0.01949000,0.02007000,129851064.20000000
2023-06-13,0.02007000,0.02086000,0.01977000,0.02015000,130990378.50000000
2023-06-14,0.02015000,0.02043000,0.01878000,0.01912000,150461311.40000000
2023-06-15,0.01912000,0.01976000,0.01887000,0.01938000,96905188.80000000
2023-06-16,0.01939000,0.02006000,0.01898000,0.01992000,101739291.30000000
2023-06-17,0.01993000,0.02060000,0.01982000,0.02001000,78808876.70000000
2023-06-18,0.02001000,0.02051000,0.01982000,0.01997000,88874713.70000000
2023-06-19,0.01996000,0.02030000,0.01973000,0.02019000,80544443.00000000
2023-06-20,0.02019000,0.02126000,0.02004000,0.02122000,109976851.20000000
2023-06-21,0.02123000,0.02271000,0.02113000,0.02256000,207220259.60000000
2023-06-22,0.02256000,0.02331000,0.02190000,0.02212000,182612228.40000000
2023-06-23,0.02212000,0.02481000,0.02191000,0.02348000,444136766.90000000
2023-06-24,0.02347000,0.02805000,0.02334000,0.02660000,979301295.00000000
2023-06-25,0.02661000,0.02944000,0.02444000,0.02517000,795106427.20000000
2023-06-26,0.02516000,0.02658000,0.02376000,0.02406000,442956347.00000000
2023-06-27,0.02406000,0.02514000,0.02382000,0.02402000,232741381.00000000
2023-06-28,0.02403000,0.02405000,0.02102000,0.02225000,175275393.60000000
2023-06-29,0.02226000,0.02317000,0.02209000,0.02240000,110053032.60000000
2023-06-30,0.02244000,0.02359000,0.02094000,0.02299000,220056492.90000000
2023-07-01,0.02300000,0.02365000,0.02260000,0.02364000,161373466.80000000
2023-07-02,0.02363000,0.02368000,0.02274000,0.02331000,109157581.90000000
2023-07-03,0.02331000,0.02404000,0.02316000,0.02390000,150011934.80000000
2023-07-04,0.02391000,0.02571000,0.02328000,0.02529000,458065738.20000000
2023-07-05,0.02528000,0.02728000,0.02415000,0.02443000,769115370.70000000
2023-07-06,0.02443000,0.02491000,0.02299000,0.02304000,169278520.30000000
2023-07-07,0.02306000,0.02339000,0.02277000,0.02329000,96824392.00000000
2023-07-08,0.02332000,0.02343000,0.02264000,0.02308000,66241480.90000000
2023-07-09,0.02309000,0.02340000,0.02291000,0.02301000,58942329.70000000
2023-07-10,0.02301000,0.02450000,0.02228000,0.02395000,274930699.10000000
2023-07-11,0.02395000,0.02456000,0.02340000,0.02454000,260729155.20000000
2023-07-12,0.02452000,0.02533000,0.02421000,0.02463000,167043491.90000000
2023-07-13,0.02464000,0.02625000,0.02410000,0.02622000,169563322.60000000
2023-07-14,0.02623000,0.02661000,0.02421000,0.02539000,251640349.50000000
2023-07-15,0.02537000,0.02674000,0.02505000,0.02620000,222411147.90000000
2023-07-16,0.02620000,0.02690000,0.02513000,0.02530000,178934433.70000000
2023-07-17,0.02531000,0.02581000,0.02466000,0.02576000,117523597.10000000
2023-07-18,0.02576000,0.02589000,0.02449000,0.02496000,85411590.90000000
2023-07-19,0.02494000,0.02555000,0.02469000,0.02493000,162421100.00000000
2023-07-20,0.02493000,0.02562000,0.02451000,0.02491000,93034649.30000000
2023-07-21,0.02493000,0.02546000,0.02464000,0.02529000,61844248.60000000
2023-07-22,0.02533000,0.02576000,0.02499000,0.02530000,70312414.20000000
2023-07-23,0.02532000,0.02776000,0.02516000,0.02590000,616808926.60000000
2023-07-24,0.02589000,0.02592000,0.02419000,0.02483000,150076407.80000000
2023-07-25,0.02484000,0.02497000,0.02428000,0.02462000,107365273.20000000
2023-07-26,0.02463000,0.02657000,0.02455000,0.02575000,501138903.30000000
2023-07-27,0.02575000,0.02587000,0.02480000,0.02510000,160111930.80000000
2023-07-28,0.02514000,0.02593000,0.02485000,0.02587000,103337481.10000000
2023-07-29,0.02592000,0.02720000,0.02575000,0.02711000,350069384.30000000
2023-07-30,0.02713000,0.02714000,0.02499000,0.02562000,227040419.70000000
2023-07-31,0.02562000,0.02595000,0.02507000,0.02554000,80886031.40000000
2023-08-01,0.02554000,0.02555000,0.02250000,0.02529000,163473730.70000000
2023-08-02,0.02530000,0.02533000,0.02422000,0.02449000,121750656.70000000
2023-08-03,0.02449000,0.02472000,0.02426000,0.02456000,68674030.10000000
2023-08-04,0.02456000,0.02466000,0.02395000,0.02430000,78443971.60000000
2023-08-05,0.02430000,0.02454000,0.02414000,0.02444000,70673945.20000000
2023-08-06,0.02444000,0.02460000,0.02403000,0.02421000,85370970.70000000
2023-08-07,0.02420000,0.02448000,0.02357000,0.02440000,86302088.50000000
2023-08-08,0.02441000,0.02469000,0.02393000,0.02451000,64638516.10000000
2023-08-09,0.02450000,0.02459000,0.02400000,0.02427000,48313507.80000000
2023-08-10,0.02427000,0.02450000,0.02418000,0.02430000,49809032.80000000
2023-08-11,0.02432000,0.02435000,0.02400000,0.02420000,48534984.60000000
2023-08-12,0.02420000,0.02426000,0.02408000,0.02419000,28643834.90000000
2023-08-13,0.02419000,0.02441000,0.02390000,0.02412000,133278470.90000000
2023-08-14,0.02411000,0.02431000,0.02369000,0.02416000,65309979.80000000
2023-08-15,0.02415000,0.02415000,0.02179000,0.02271000,108403264.30000000
2023-08-16,0.02271000,0.02272000,0.02072000,0.02130000,183216490.90000000
2023-08-17,0.02130000,0.02161000,0.01720000,0.01906000,268336496.30000000
2023-08-18,0.01905000,0.01979000,0.01894000,0.01977000,124686378.40000000
2023-08-19,0.01977000,0.02034000,0.01967000,0.02020000,74781266.40000000
2023-08-20,0.02020000,0.02064000,0.02006000,0.02034000,53727651.30000000
2023-08-21,0.02034000,0.02035000,0.01928000,0.01975000,72252386.30000000
2023-08-22,0.01976000,0.01987000,0.01896000,0.01978000,55199413.80000000
2023-08-23,0.01979000,0.02050000,0.01977000,0.02020000,68906854.90000000
2023-08-24,0.02021000,0.02042000,0.01952000,0.01974000,55386625.70000000
2023-08-25,0.01973000,0.02016000,0.01933000,0.01994000,50817330.30000000
2023-08-26,0.01994000,0.02014000,0.01979000,0.01984000,23990895.70000000
2023-08-27,0.01984000,0.02004000,0.01966000,0.01979000,38601595.60000000
2023-08-28,0.01978000,0.01986000,0.01924000,0.01956000,77103186.00000000
2023-08-29,0.01956000,0.02059000,0.01907000,0.02033000,151472127.20000000
2023-08-30,0.02031000,0.02035000,0.01944000,0.01962000,72720602.30000000
2023-08-31,0.01962000,0.01962000,0.01823000,0.01860000,132380439.00000000
2023-09-01,0.01859000,0.01872000,0.01811000,0.01827000,44164203.80000000
2023-09-02,0.01826000,0.01837000,0.01785000,0.01824000,86736168.20000000
2023-09-03,0.01823000,0.01862000,0.01798000,0.01822000,83236119.90000000
2023-09-04,0.01822000,0.01862000,0.01797000,0.01822000,46392183.30000000
2023-09-05,0.01821000,0.01868000,0.01799000,0.01863000,68306394.40000000
2023-09-06,0.01863000,0.01875000,0.01807000,0.01862000,56807014.30000000
2023-09-07,0.01862000,0.01903000,0.01832000,0.01897000,76276124.50000000
2023-09-08,0.01898000,0.01918000,0.01861000,0.01901000,55958818.50000000
2023-09-09,0.01900000,0.01906000,0.01853000,0.01882000,51056319.90000000
2023-09-10,0.01881000,0.01881000,0.01774000,0.01824000,74217484.50000000
2023-09-11,0.01825000,0.01830000,0.01696000,0.01718000,91541448.00000000
2023-09-12,0.01717000,0.01898000,0.01716000,0.01751000,263791828.10000000
2023-09-13,0.01751000,0.01834000,0.01740000,0.01813000,116837249.80000000
2023-09-14,0.01814000,0.01887000,0.01809000,0.01863000,82110269.10000000
2023-09-15,0.01866000,0.01915000,0.01844000,0.01898000,64918029.30000000
2023-09-16,0.01900000,0.01958000,0.01889000,0.01928000,88073025.60000000
2023-09-17,0.01929000,0.01930000,0.01816000,0.01840000,79232583.90000000
2023-09-18,0.01840000,0.01907000,0.01813000,0.01850000,67875794.10000000
2023-09-19,0.01850000,0.01908000,0.01838000,0.01904000,63778045.50000000
2023-09-20,0.01904000,0.01959000,0.01900000,0.01953000,149348406.80000000
2023-09-21,0.01952000,0.01960000,0.01870000,0.01894000,79430201.30000000
2023-09-22,0.01894000,0.01939000,0.01876000,0.01939000,81528869.90000000
2023-09-23,0.01939000,0.02052000,0.01928000,0.02017000,324975379.30000000
2023-09-24,0.02016000,0.02027000,0.01928000,0.01944000,138833053.10000000
2023-09-25,0.01944000,0.01961000,0.01897000,0.01954000,117692580.00000000
2023-09-26,0.01955000,0.01969000,0.01884000,0.01915000,64022618.20000000
2023-09-27,0.01915000,0.01931000,0.01874000,0.01910000,75880404.70000000
2023-09-28,0.01910000,0.01947000,0.01888000,0.01941000,91343279.00000000
2023-09-29,0.01941000,0.01977000,0.01919000,0.01956000,77257046.00000000
2023-09-30,0.01958000,0.01997000,0.01952000,0.01994000,59647722.50000000
2023-10-01,0.01994000,0.02076000,0.01988000,0.02065000,96136686.80000000
2023-10-02,0.02065000,0.02092000,0.01936000,0.01993000,166305657.50000000
2023-10-03,0.01992000,0.02024000,0.01934000,0.01943000,77127457.50000000
2023-10-04,0.01941000,0.01944000,0.01850000,0.01916000,74842622.60000000
2023-10-05,0.01916000,0.01947000,0.01879000,0.01893000,54915185.60000000
2023-10-06,0.01896000,0.02052000,0.01887000,0.01993000,349604014.50000000
2023-10-07,0.01993000,0.02036000,0.01970000,0.02002000,129750856.50000000
2023-10-08,0.02002000,0.02047000,0.01946000,0.02025000,109759668.80000000
2023-10-09,0.02025000,0.02034000,0.01864000,0.01904000,113328316.60000000
2023-10-10,0.01905000,0.01921000,0.01874000,0.01911000,51239723.10000000
2023-10-11,0.01910000,0.01917000,0.01850000,0.01880000,71079509.10000000
2023-10-12,0.01879000,0.01879000,0.01829000,0.01862000,57189632.50000000
2023-10-13,0.01861000,0.01905000,0.01854000,0.01886000,47985244.70000000
2023-10-14,0.01887000,0.01943000,0.01881000,0.01927000,88115564.70000000
2023-10-15,0.01927000,0.02017000,0.01914000,0.01961000,125923590.80000000
2023-10-16,0.01962000,0.02057000,0.01953000,0.01996000,117255712.40000000
2023-10-17,0.01996000,0.02031000,0.01919000,0.02024000,84785565.20000000
2023-10-18,0.02024000,0.02026000,0.01951000,0.01965000,80974037.10000000
2023-10-19,0.01966000,0.01980000,0.01897000,0.01934000,63367199.10000000
2023-10-20,0.01934000,0.02016000,0.01922000,0.02009000,67334346.70000000
2023-10-21,0.02010000,0.02157000,0.01998000,0.02110000,123947106.70000000
2023-10-22,0.02110000,0.02165000,0.02046000,0.02159000,113565265.70000000
2023-10-23,0.02158000,0.02254000,0.02077000,0.02230000,161447024.40000000
2023-10-24,0.02232000,0.02276000,0.02121000,0.02205000,261922240.10000000
2023-10-25,0.02204000,0.02324000,0.02180000,0.02254000,185982481.40000000
2023-10-26,0.02254000,0.02273000,0.02122000,0.02199000,172158420.80000000
2023-10-27,0.02200000,0.02204000,0.02117000,0.02167000,75722238.80000000
2023-10-28,0.02167000,0.02279000,0.02167000,0.02223000,176554454.60000000
2023-10-29,0.02225000,0.02297000,0.02186000,0.02265000,114387586.60000000
2023-10-30,0.02267000,0.02313000,0.02226000,0.02310000,123674118.40000000
2023-10-31,0.02309000,0.02340000,0.02150000,0.02288000,153545706.20000000
2023-11-01,0.02286000,0.02409000,0.02248000,0.02406000,241565660.90000000
2023-11-02,0.02407000,0.02449000,0.02305000,0.02376000,137193134.60000000
2023-11-03,0.02377000,0.02378000,0.02246000,0.02354000,134872444.30000000
2023-11-04,0.02353000,0.02437000,0.02336000,0.02437000,99818505.30000000
2023-11-05,0.02437000,0.02469000,0.02372000,0.02436000,140726616.60000000
2023-11-06,0.02437000,0.02503000,0.02359000,0.02485000,141002621.50000000
2023-11-07,0.02484000,0.02484000,0.02358000,0.02430000,109185630.40000000
2023-11-08,0.02430000,0.02588000,0.02406000,0.02555000,176040640.40000000
2023-11-09,0.02555000,0.02659000,0.02236000,0.02553000,324191960.30000000
2023-11-10,0.02550000,0.02665000,0.02478000,0.02614000,299653986.20000000
2023-11-11,0.02614000,0.02671000,0.02477000,0.02642000,233540263.60000000
2023-11-12,0.02640000,0.02704000,0.02537000,0.02641000,226574397.20000000
2023-11-13,0.02640000,0.02691000,0.02511000,0.02550000,204722353.60000000
2023-11-14,0.02551000,0.02622000,0.02400000,0.02532000,197031895.10000000
2023-11-15,0.02532000,0.02637000,0.02498000,0.02629000,127279482.00000000
2023-11-16,0.02629000,0.02679000,0.02471000,0.02532000,186434987.60000000
2023-11-17,0.02530000,0.02650000,0.02418000,0.02573000,185323216.00000000
2023-11-18,0.02573000,0.02829000,0.02518000,0.02682000,719301149.50000000
2023-11-19,0.02682000,0.02682000,0.02544000,0.02656000,177095746.60000000
2023-11-20,0.02655000,0.02709000,0.02567000,0.02626000,210543757.90000000
2023-11-21,0.02627000,0.02654000,0.02302000,0.02304000,238068505.70000000
2023-11-22,0.02304000,0.02504000,0.02289000,0.02481000,158256717.20000000
2023-11-23,0.02483000,0.02504000,0.02402000,0.02449000,127839874.20000000
2023-11-24,0.02448000,0.02539000,0.02437000,0.02500000,112937524.00000000
2023-11-25,0.02501000,0.02556000,0.02487000,0.02543000,77269336.10000000
2023-11-26,0.02543000,0.02551000,0.02432000,0.02509000,109357317.50000000
2023-11-27,0.02510000,0.02534000,0.02360000,0.02408000,124251618.60000000
2023-11-28,0.02408000,0.02453000,0.02331000,0.02430000,87421968.20000000
2023-11-29,0.02431000,0.02474000,0.02390000,0.02465000,137458825.50000000
2023-11-30,0.02466000,0.02720000,0.02454000,0.02607000,642163290.40000000
2023-12-01,0.02607000,0.02631000,0.02525000,0.02588000,161800850.60000000
2023-12-02,0.02588000,0.02650000,0.02561000,0.02633000,144004386.30000000
2023-12-03,0.02634000,0.02641000,0.02555000,0.02607000,119990269.10000000
2023-12-04,0.02607000,0.02777000,0.02514000,0.02724000,384543766.00000000
2023-12-05,0.02725000,0.03076000,0.02711000,0.02840000,927843723.60000000
2023-12-06,0.02840000,0.02888000,0.02661000,0.02718000,380531441.20000000
2023-12-07,0.02720000,0.02822000,0.02621000,0.02811000,265413590.70000000
2023-12-08,0.02811000,0.02874000,0.02752000,0.02869000,159739847.40000000
2023-12-09,0.02869000,0.02932000,0.02810000,0.02845000,184936812.60000000
2023-12-10,0.02847000,0.02934000,0.02774000,0.02836000,115338803.00000000
2023-12-11,0.02837000,0.02845000,0.02443000,0.02608000,294291005.70000000
2023-12-12,0.02607000,0.02652000,0.02548000,0.02619000,148505324.40000000
2023-12-13,0.02621000,0.02697000,0.02484000,0.02680000,142707365.90000000
2023-12-14,0.02680000,0.02950000,0.02587000,0.02859000,433786577.40000000
2023-12-15,0.02858000,0.02920000,0.02696000,0.02710000,301496258.90000000
2023-12-16,0.02711000,0.02847000,0.02664000,0.02780000,208660238.90000000
2023-12-17,0.02780000,0.03020000,0.02721000,0.02865000,501773096.20000000
2023-12-18,0.02865000,0.02898000,0.02577000,0.02850000,357727351.00000000
2023-12-19,0.02849000,0.03267000,0.02787000,0.02840000,849662647.30000000
2023-12-20,0.02841000,0.03064000,0.02821000,0.03038000,376540737.20000000
2023-12-21,0.03038000,0.03070000,0.02924000,0.03011000,209381234.60000000
2023-12-22,0.03009000,0.03069000,0.02899000,0.03049000,251729922.20000000
2023-12-23,0.03048000,0.03064000,0.02926000,0.03045000,186643065.40000000
2023-12-24,0.03046000,0.03224000,0.03009000,0.03085000,438151755.70000000
2023-12-25,0.03085000,0.03187000,0.03027000,0.03160000,276613460.20000000
2023-12-26,0.03160000,0.03196000,0.02789000,0.03031000,303501595.60000000
2023-12-27,0.03031000,0.03134000,0.02887000,0.03114000,174461644.00000000
2023-12-28,0.03115000,0.03158000,0.02938000,0.02976000,181549753.80000000
2023-12-29,0.02976000,0.03038000,0.02875000,0.02947000,131515238.80000000
2023-12-30,0.02947000,0.03007000,0.02866000,0.02878000,110310299.50000000
2023-12-31,0.02878000,0.02918000,0.02760000,0.02851000,155835728.30000000
2024-01-01,0.02852000,0.02984000,0.02810000,0.02973000,189782728.20000000
2024-01-02,0.02973000,0.03031000,0.02888000,0.02929000,177608965.60000000
2024-01-03,0.02929000,0.03063000,0.02122000,0.02674000,514377377.00000000
2024-01-04,0.02674000,0.02801000,0.02589000,0.02773000,219145325.50000000
2024-01-05,0.02774000,0.02779000,0.02489000,0.02629000,167414681.90000000
2024-01-06,0.02630000,0.02631000,0.02442000,0.02568000,132036207.60000000
2024-01-07,0.02567000,0.02636000,0.02370000,0.02404000,174753637.60000000
2024-01-08,0.02403000,0.02570000,0.02210000,0.02552000,223571387.70000000
2024-01-09,0.02553000,0.02553000,0.02299000,0.02404000,187399882.90000000
2024-01-10,0.02404000,0.02666000,0.02305000,0.02598000,230122863.30000000
2024-01-11,0.02600000,0.02690000,0.02545000,0.02623000,248971251.60000000
2024-01-12,0.02622000,0.02664000,0.02358000,0.02454000,215002380.80000000
2024-01-13,0.02457000,0.02523000,0.02369000,0.02506000,118038578.50000000
2024-01-14,0.02508000,0.02532000,0.02401000,0.02407000,86206841.50000000
2024-01-15,0.02409000,0.02514000,0.02404000,0.02479000,76532577.20000000
2024-01-16,0.02481000,0.02618000,0.02454000,0.02568000,172101550.00000000
2024-01-17,0.02570000,0.02590000,0.02496000,0.02550000,146517796.30000000
2024-01-18,0.02552000,0.02558000,0.02357000,0.02424000,117787377.20000000
2024-01-19,0.02423000,0.02460000,0.02288000,0.02423000,179905999.30000000
2024-01-20,0.02423000,0.02454000,0.02383000,0.02452000,87414091.10000000
2024-01-21,0.02452000,0.02479000,0.02427000,0.02439000,72802764.60000000
2024-01-22,0.02439000,0.02451000,0.02258000,0.02296000,127222475.20000000
2024-01-23,0.02295000,0.02351000,0.02139000,0.02253000,165534624.20000000
2024-01-24,0.02252000,0.02303000,0.02204000,0.02293000,97286752.90000000
2024-01-25,0.02293000,0.02403000,0.02261000,0.02317000,257624758.80000000
2024-01-26,0.02318000,0.02481000,0.02283000,0.02432000,237500545.60000000
2024-01-27,0.02432000,0.02503000,0.02379000,0.02499000,154350844.40000000
2024-01-28,0.02498000,0.02515000,0.02377000,0.02401000,123829871.80000000
2024-01-29,0.02401000,0.02516000,0.02388000,0.02474000,95713115.70000000
2024-01-30,0.02476000,0.02500000,0.02414000,0.02429000,110557277.40000000
2024-01-31,0.02430000,0.02443000,0.02306000,0.02349000,152295656.10000000
2024-02-01,0.02349000,0.02367000,0.02295000,0.02354000,103694192.00000000
2024-02-02,0.02354000,0.02403000,0.02328000,0.02379000,77973002.30000000
2024-02-03,0.02380000,0.02491000,0.02375000,0.02417000,118088839.40000000
2024-02-04,0.02415000,0.02417000,0.02354000,0.02369000,67311952.90000000
2024-02-05,0.02370000,0.02416000,0.02322000,0.02379000,74495666.10000000
2024-02-06,0.02380000,0.02420000,0.02344000,0.02400000,59231192.50000000
2024-02-07,0.02402000,0.02445000,0.02382000,0.02442000,68536670.70000000
2024-02-08,0.02443000,0.02464000,0.02414000,0.02435000,85682810.20000000
2024-02-09,0.02436000,0.02500000,0.02434000,0.02487000,100933448.10000000
2024-02-10,0.02488000,0.02510000,0.02433000,0.02463000,63385658.30000000
2024-02-11,0.02463000,0.02526000,0.02447000,0.02464000,112592003.50000000
2024-02-12,0.02466000,0.02550000,0.02433000,0.02523000,149570348.50000000
2024-02-13,0.02522000,0.02539000,0.02407000,0.02486000,128212651.40000000
2024-02-14,0.02486000,0.02734000,0.02462000,0.02654000,325956560.90000000
2024-02-15,0.02653000,0.02855000,0.02640000,0.02790000,383172166.90000000
2024-02-16,0.02791000,0.02874000,0.02706000,0.02796000,234004530.70000000
2024-02-17,0.02796000,0.02830000,0.02670000,0.02750000,147298811.10000000
2024-02-18,0.02751000,0.02950000,0.02725000,0.02860000,226181966.10000000
2024-02-19,0.02861000,0.03117000,0.02833000,0.03048000,281316242.50000000
2024-02-20,0.03049000,0.03226000,0.02847000,0.03175000,546667544.60000000
2024-02-21,0.03177000,0.03234000,0.02830000,0.02976000,263303452.30000000
2024-02-22,0.02976000,0.03100000,0.02927000,0.03005000,198917932.40000000
2024-02-23,0.03009000,0.03033000,0.02836000,0.02942000,146164290.50000000
2024-02-24,0.02944000,0.03235000,0.02843000,0.03065000,319809060.60000000
2024-02-25,0.03066000,0.03365000,0.03062000,0.03241000,379658970.80000000
2024-02-26,0.03240000,0.03368000,0.03102000,0.03300000,303156240.50000000
2024-02-27,0.03301000,0.03560000,0.03234000,0.03388000,353341697.30000000
2024-02-28,0.03390000,0.03652000,0.03048000,0.03447000,446399349.90000000
2024-02-29,0.03448000,0.03960000,0.03360000,0.03705000,644867705.40000000
2024-03-01,0.03706000,0.03882000,0.03627000,0.03810000,379120862.70000000
2024-03-02,0.03810000,0.04074000,0.03670000,0.04011000,418234296.20000000
2024-03-03,0.04011000,0.04406000,0.03485000,0.04191000,600620077.60000000
2024-03-04,0.04195000,0.04267000,0.03918000,0.04091000,393948021.40000000
2024-03-05,0.04091000,0.04176000,0.03040000,0.03772000,621074384.60000000
2024-03-06,0.03770000,0.04280000,0.03564000,0.04257000,446216587.10000000
2024-03-07,0.04258000,0.05699000,0.04130000,0.04909000,2726953486.90000000
2024-03-08,0.04908000,0.05266000,0.04635000,0.04956000,751382035.70000000
2024-03-09,0.04956000,0.05121000,0.04829000,0.05058000,376194536.90000000
2024-03-10,0.05058000,0.05110000,0.04781000,0.05005000,399209871.00000000
2024-03-11,0.05009000,0.05367000,0.04650000,0.05226000,574218873.60000000
2024-03-12,0.05226000,0.05829000,0.04967000,0.05823000,696287816.90000000
2024-03-13,0.05823000,0.05986000,0.05433000,0.05834000,390538699.40000000
2024-03-14,0.05835000,0.05855000,0.05204000,0.05659000,463230425.00000000
2024-03-15,0.05659000,0.05693000,0.04700000,0.05118000,509734231.40000000
2024-03-16,0.05119000,0.05521000,0.04530000,0.04626000,466594241.00000000
2024-03-17,0.04624000,0.05053000,0.04369000,0.05025000,306469034.40000000
2024-03-18,0.05022000,0.05022000,0.04540000,0.04625000,205254779.10000000
2024-03-19,0.04620000,0.04669000,0.03956000,0.04121000,361161454.10000000
2024-03-20,0.04119000,0.04572000,0.03922000,0.04567000,324362770.60000000
2024-03-21,0.04564000,0.04664000,0.04373000,0.04463000,154833915.80000000
2024-03-22,0.04463000,0.04507000,0.04120000,0.04276000,158870809.00000000
2024-03-23,0.04277000,0.04509000,0.04241000,0.04286000,204968559.60000000
2024-03-24,0.04286000,0.04499000,0.04247000,0.04449000,73634185.50000000
2024-03-25,0.04451000,0.05276000,0.04425000,0.05057000,490361384.10000000
2024-03-26,0.05056000,0.06534000,0.05031000,0.05672000,1584732870.40000000
2024-03-27,0.05673000,0.06317000,0.05556000,0.05670000,1005584849.80000000
2024-03-28,0.05668000,0.05808000,0.05300000,0.05531000,406724842.00000000
2024-03-29,0.05531000,0.05531000,0.05222000,0.05378000,209675219.50000000
2024-03-30,0.05376000,0.05767000,0.05295000,0.05418000,374398625.10000000
2024-03-31,0.05418000,0.06428000,0.05393000,0.05961000,950764971.80000000
2024-04-01,0.05961000,0.06888000,0.05921000,0.06741000,1062620955.40000000
2024-04-02,0.06744000,0.06746000,0.05544000,0.05578000,497938284.80000000
2024-04-03,0.05578000,0.05666000,0.05205000,0.05322000,375432233.90000000
2024-04-04,0.05318000,0.05788000,0.05125000,0.05607000,222970305.90000000
2024-04-05,0.05606000,0.05607000,0.05094000,0.05513000,207484130.00000000
2024-04-06,0.05509000,0.06260000,0.05452000,0.05887000,335128314.20000000
2024-04-07,0.05890000,0.06639000,0.05840000,0.06365000,595541853.30000000
2024-04-08,0.06367000,0.06539000,0.06141000,0.06248000,306524850.10000000
2024-04-09,0.06245000,0.06272000,0.05940000,0.05973000,195810106.90000000
2024-04-10,0.05972000,0.06277000,0.05635000,0.05966000,243387375.90000000
2024-04-11,0.05965000,0.06051000,0.05749000,0.05831000,119995782.20000000
2024-04-12,0.05831000,0.05898000,0.04391000,0.04809000,406326061.50000000
2024-04-13,0.04809000,0.04866000,0.03353000,0.04019000,724210163.90000000
2024-04-14,0.04018000,0.04442000,0.03800000,0.04378000,379475198.50000000
2024-04-15,0.04374000,0.04689000,0.04102000,0.04288000,298724289.80000000
2024-04-16,0.04291000,0.04333000,0.04028000,0.04264000,194580821.30000000
2024-04-17,0.04264000,0.04404000,0.04017000,0.04264000,219293350.60000000
2024-04-18,0.04261000,0.04620000,0.04127000,0.04575000,218027128.20000000
2024-04-19,0.04576000,0.04741000,0.04202000,0.04613000,219965589.90000000
2024-04-20,0.04613000,0.05071000,0.04583000,0.04885000,277304333.30000000
2024-04-21,0.04884000,0.04918000,0.04763000,0.04825000,132298192.90000000
2024-04-22,0.04824000,0.05500000,0.04803000,0.05299000,317323401.80000000
2024-04-23,0.05299000,0.05627000,0.05256000,0.05426000,279013023.10000000
2024-04-24,0.05427000,0.05608000,0.04958000,0.05042000,200821616.00000000
2024-04-25,0.05043000,0.05525000,0.04964000,0.05341000,243803076.60000000
2024-04-26,0.05340000,0.05380000,0.05021000,0.05032000,114684061.40000000
2024-04-27,0.05030000,0.05573000,0.04783000,0.05439000,189852208.90000000
2024-04-28,0.05440000,0.05615000,0.05202000,0.05233000,118512193.80000000
2024-04-29,0.05227000,0.05417000,0.05005000,0.05357000,145264263.50000000
2024-04-30,0.05358000,0.05417000,0.04547000,0.04714000,243040613.40000000
2024-05-01,0.04710000,0.04719000,0.04251000,0.04617000,258078904.10000000
2024-05-02,0.04616000,0.04721000,0.04426000,0.04651000,94114562.50000000
2024-05-03,0.04650000,0.05029000,0.04604000,0.04956000,83007890.10000000
2024-05-04,0.04954000,0.05075000,0.04905000,0.04950000,67356529.80000000
2024-05-05,0.04950000,0.05091000,0.04808000,0.04939000,70503061.90000000
2024-05-06,0.04941000,0.05094000,0.04732000,0.04751000,103916004.10000000
2024-05-07,0.04749000,0.04874000,0.04599000,0.04605000,95415053.70000000
2024-05-08,0.04603000,0.04679000,0.04415000,0.04444000,81886361.00000000
2024-05-09,0.04442000,0.04667000,0.04362000,0.04630000,70458518.10000000
2024-05-10,0.04631000,0.04762000,0.04339000,0.04426000,69342048.20000000
2024-05-11,0.04428000,0.04548000,0.04339000,0.04351000,31163329.70000000
2024-05-12,0.04352000,0.04382000,0.04210000,0.04245000,51812936.20000000
2024-05-13,0.04244000,0.04413000,0.04046000,0.04276000,76375561.70000000
2024-05-14,0.04276000,0.04380000,0.04111000,0.04115000,62300867.10000000
2024-05-15,0.04117000,0.04481000,0.04103000,0.04442000,107469233.30000000
2024-05-16,0.04442000,0.04589000,0.04328000,0.04374000,80226288.30000000
2024-05-17,0.04374000,0.04591000,0.04329000,0.04493000,49710725.40000000
2024-05-18,0.04490000,0.04573000,0.04440000,0.04510000,32886881.90000000
2024-05-19,0.04509000,0.04586000,0.04239000,0.04311000,55630104.20000000
2024-05-20,0.04310000,0.04741000,0.04221000,0.04731000,87924419.30000000
2024-05-21,0.04731000,0.04782000,0.04582000,0.04667000,110492529.90000000
2024-05-22,0.04671000,0.04852000,0.04531000,0.04763000,119772391.50000000
2024-05-23,0.04763000,0.04837000,0.04296000,0.04589000,108042320.90000000
2024-05-24,0.04585000,0.04680000,0.04461000,0.04625000,76110270.00000000
2024-05-25,0.04627000,0.04647000,0.04560000,0.04623000,35171888.60000000
2024-05-26,0.04621000,0.04648000,0.04499000,0.04524000,48393427.20000000
2024-05-27,0.04524000,0.04695000,0.04457000,0.04631000,61041969.60000000
2024-05-28,0.04634000,0.04670000,0.04423000,0.04507000,63200854.90000000
2024-05-29,0.04507000,0.04580000,0.04352000,0.04374000,74819121.90000000
2024-05-30,0.04375000,0.04479000,0.04243000,0.04331000,85633984.20000000
2024-05-31,0.04330000,0.04367000,0.04214000,0.04283000,75199036.70000000
2024-06-01,0.04283000,0.04332000,0.04257000,0.04298000,42033962.30000000
2024-06-02,0.04297000,0.04388000,0.04261000,0.04345000,67101750.30000000
2024-06-03,0.04346000,0.04453000,0.04227000,0.04238000,99496253.70000000
2024-06-04,0.04239000,0.04337000,0.04187000,0.04329000,61313697.70000000
2024-06-05,0.04330000,0.04578000,0.04297000,0.04536000,93935842.90000000
2024-06-06,0.04537000,0.04583000,0.04386000,0.04432000,70853395.10000000
2024-06-07,0.04432000,0.04550000,0.03724000,0.04081000,140241052.50000000
2024-06-08,0.04081000,0.04112000,0.03815000,0.03899000,89317188.60000000
2024-06-09,0.03898000,0.04089000,0.03888000,0.03986000,65541523.90000000
2024-06-10,0.03986000,0.04066000,0.03900000,0.03918000,47845259.00000000
2024-06-11,0.03917000,0.03955000,0.03602000,0.03692000,69443314.40000000
2024-06-12,0.03692000,0.04030000,0.03616000,0.03967000,81376819.10000000
2024-06-13,0.03967000,0.04019000,0.03695000,0.03737000,65162354.60000000
2024-06-14,0.03738000,0.03829000,0.03435000,0.03484000,81825449.00000000
2024-06-15,0.03485000,0.03550000,0.03442000,0.03455000,37474121.90000000
2024-06-16,0.03455000,0.03541000,0.03395000,0.03507000,33803181.10000000
2024-06-17,0.03506000,0.03534000,0.03050000,0.03196000,110056976.40000000
2024-06-18,0.03200000,0.03215000,0.02678000,0.02942000,157923623.60000000
2024-06-19,0.02942000,0.03148000,0.02889000,0.03092000,75653627.10000000
2024-06-20,0.03089000,0.03354000,0.03069000,0.03176000,77511573.30000000
2024-06-21,0.03178000,0.03228000,0.03060000,0.03108000,49118408.20000000
2024-06-22,0.03109000,0.03123000,0.03026000,0.03029000,27614749.30000000
2024-06-23,0.03031000,0.03085000,0.02925000,0.02949000,33666556.50000000
2024-06-24,0.02949000,0.03052000,0.02800000,0.03040000,78739641.70000000
2024-06-25,0.03040000,0.03237000,0.03009000,0.03191000,93925316.70000000
2024-06-26,0.03191000,0.03261000,0.03041000,0.03089000,58113314.50000000
2024-06-27,0.03092000,0.03168000,0.02995000,0.03149000,61003917.10000000
2024-06-28,0.03149000,0.03180000,0.03054000,0.03063000,52728632.90000000
2024-06-29,0.03061000,0.03088000,0.02958000,0.02973000,34341931.40000000
2024-06-30,0.02973000,0.03123000,0.02920000,0.03114000,47236867.80000000
2024-07-01,0.03114000,0.03177000,0.02997000,0.03007000,50960568.00000000
2024-07-02,0.03007000,0.03069000,0.02891000,0.02984000,64691270.90000000
2024-07-03,0.02986000,0.02998000,0.02873000,0.02924000,48250088.90000000
2024-07-04,0.02925000,0.02936000,0.02545000,0.02575000,96918042.70000000
2024-07-05,0.02575000,0.02575000,0.02285000,0.02471000,241416166.20000000
2024-07-06,0.02471000,0.02655000,0.02425000,0.02622000,169435604.60000000
2024-07-07,0.02622000,0.02628000,0.02448000,0.02466000,66325803.30000000
2024-07-08,0.02467000,0.02652000,0.02363000,0.02600000,82009567.80000000
2024-07-09,0.02602000,0.02818000,0.02577000,0.02734000,82197705.90000000
2024-07-10,0.02735000,0.02799000,0.02691000,0.02737000,41329461.70000000
2024-07-11,0.02736000,0.02849000,0.02674000,0.02690000,37675198.20000000
2024-07-12,0.02694000,0.02740000,0.02638000,0.02726000,28346635.40000000
2024-07-13,0.02725000,0.02814000,0.02710000,0.02805000,29559841.90000000
2024-07-14,0.02803000,0.02867000,0.02794000,0.02853000,43398867.50000000
2024-07-15,0.02855000,0.03015000,0.02829000,0.03009000,57336824.40000000
2024-07-16,0.03009000,0.03112000,0.02866000,0.03053000,71848748.90000000
2024-07-17,0.03054000,0.03185000,0.03052000,0.03060000,98344838.90000000
2024-07-18,0.03061000,0.03165000,0.03004000,0.03087000,61353020.60000000
2024-07-19,0.03086000,0.03342000,0.03051000,0.03280000,130710653.30000000
2024-07-20,0.03282000,0.03286000,0.03189000,0.03221000,37524383.70000000
2024-07-21,0.03221000,0.03494000,0.03103000,0.03247000,129018659.10000000
2024-07-22,0.03247000,0.03265000,0.03097000,0.03179000,141122800.70000000
2024-07-23,0.03176000,0.03222000,0.03021000,0.03074000,79117022.60000000
2024-07-24,0.03072000,0.03165000,0.02958000,0.03003000,42847075.80000000
2024-07-25,0.03003000,0.03005000,0.02801000,0.02915000,63775099.10000000
2024-07-26,0.02916000,0.03087000,0.02882000,0.03087000,46001195.90000000
2024-07-27,0.03086000,0.03180000,0.03016000,0.03109000,80328242.20000000
2024-07-28,0.03109000,0.03129000,0.03018000,0.03050000,42916022.30000000
2024-07-29,0.03052000,0.03137000,0.02975000,0.02981000,91768419.00000000
2024-07-30,0.02981000,0.03029000,0.02905000,0.02964000,41531304.90000000
2024-07-31,0.02963000,0.03053000,0.02859000,0.02875000,54046249.40000000
2024-08-01,0.02875000,0.02892000,0.02638000,0.02862000,72027119.40000000
2024-08-02,0.02862000,0.02873000,0.02639000,0.02668000,51582467.70000000
2024-08-03,0.02668000,0.02686000,0.02483000,0.02549000,62718817.10000000
2024-08-04,0.02550000,0.02592000,0.02310000,0.02425000,69646372.00000000
2024-08-05,0.02425000,0.02437000,0.01971000,0.02309000,247847251.40000000
2024-08-06,0.02311000,0.02486000,0.02307000,0.02433000,59633396.40000000
2024-08-07,0.02433000,0.02488000,0.02301000,0.02322000,66696302.60000000
2024-08-08,0.02325000,0.02589000,0.02267000,0.02574000,54959782.80000000
2024-08-09,0.02575000,0.02575000,0.02489000,0.02564000,33555097.20000000
2024-08-10,0.02566000,0.02653000,0.02510000,0.02639000,40563558.30000000
2024-08-11,0.02639000,0.02868000,0.02473000,0.02478000,247729884.30000000
2024-08-12,0.02478000,0.02624000,0.02432000,0.02553000,105096930.90000000
2024-08-13,0.02554000,0.02618000,0.02461000,0.02595000,42130783.60000000
2024-08-14,0.02595000,0.02629000,0.02484000,0.02538000,52258467.50000000
2024-08-15,0.02538000,0.02560000,0.02400000,0.02452000,46549707.10000000
2024-08-16,0.02454000,0.02539000,0.02408000,0.02477000,48489741.80000000
2024-08-17,0.02475000,0.02475000,0.02424000,0.02453000,29566342.60000000
2024-08-18,0.02453000,0.02525000,0.02427000,0.02468000,37057781.40000000
2024-08-19,0.02470000,0.02580000,0.02439000,0.02575000,48486514.50000000
2024-08-20,0.02576000,0.02661000,0.02518000,0.02573000,47174437.40000000
2024-08-21,0.02575000,0.02693000,0.02538000,0.02675000,66406423.20000000
2024-08-22,0.02676000,0.02728000,0.02634000,0.02692000,53411354.40000000
2024-08-23,0.02692000,0.02867000,0.02690000,0.02838000,78037144.50000000
2024-08-24,0.02838000,0.02908000,0.02786000,0.02849000,67139646.70000000
2024-08-25,0.02849000,0.02859000,0.02721000,0.02748000,71377053.60000000
2024-08-26,0.02748000,0.02765000,0.02581000,0.02597000,59059210.40000000
2024-08-27,0.02596000,0.02654000,0.02382000,0.02452000,225261923.90000000
2024-08-28,0.02452000,0.02543000,0.02346000,0.02451000,79420517.20000000
2024-08-29,0.02453000,0.02531000,0.02389000,0.02437000,58628999.80000000
2024-08-30,0.02434000,0.02472000,0.02332000,0.02449000,103658640.60000000
2024-08-31,0.02451000,0.02467000,0.02367000,0.02381000,54164110.60000000
2024-09-01,0.02379000,0.02388000,0.02272000,0.02291000,46314028.60000000
2024-09-02,0.02290000,0.02425000,0.02284000,0.02411000,56597962.90000000
2024-09-03,0.02412000,0.02445000,0.02304000,0.02315000,28142536.30000000
2024-09-04,0.02315000,0.02378000,0.02193000,0.02332000,75326479.30000000
2024-09-05,0.02332000,0.02352000,0.02228000,0.02252000,70254077.70000000
2024-09-06,0.02251000,0.02316000,0.02094000,0.02190000,84017545.40000000
2024-09-07,0.02191000,0.02249000,0.02169000,0.02198000,30113641.10000000
2024-09-08,0.02199000,0.02287000,0.02178000,0.02261000,40329784.30000000
2024-09-09,0.02261000,0.02440000,0.02253000,0.02401000,235612411.00000000
2024-09-10,0.02403000,0.02459000,0.02353000,0.02409000,71904178.30000000
2024-09-11,0.02411000,0.02442000,0.02320000,0.02435000,60732537.40000000
2024-09-12,0.02436000,0.02550000,0.02431000,0.02535000,103162160.30000000
2024-09-13,0.02535000,0.02584000,0.02509000,0.02570000,77711775.90000000
2024-09-14,0.02570000,0.02586000,0.02516000,0.02535000,49246243.60000000
2024-09-15,0.02535000,0.02570000,0.02459000,0.02482000,56447366.90000000
2024-09-16,0.02482000,0.02545000,0.02420000,0.02449000,69190261.10000000
2024-09-17,0.02449000,0.02552000,0.02409000,0.02533000,54526071.90000000
2024-09-18,0.02536000,0.02629000,0.02454000,0.02629000,68217052.80000000
2024-09-19,0.02629000,0.02859000,0.02628000,0.02790000,124261130.60000000
2024-09-20,0.02789000,0.02870000,0.02727000,0.02801000,73528328.50000000
2024-09-21,0.02804000,0.02967000,0.02776000,0.02950000,65921321.10000000
2024-09-22,0.02951000,0.02952000,0.02771000,0.02849000,48810871.70000000
2024-09-23,0.02849000,0.03097000,0.02789000,0.03014000,192311368.30000000
2024-09-24,0.03015000,0.03050000,0.02922000,0.03019000,79895016.90000000
2024-09-25,0.03019000,0.03079000,0.02967000,0.02983000,108847442.60000000
2024-09-26,0.02985000,0.03085000,0.02934000,0.03068000,70399163.20000000
2024-09-27,0.03070000,0.03184000,0.03061000,0.03079000,80544909.30000000
2024-09-28,0.03080000,0.03114000,0.02943000,0.03024000,71320363.20000000
2024-09-29,0.03025000,0.03084000,0.02955000,0.03041000,43408936.50000000
2024-09-30,0.03041000,0.03055000,0.02819000,0.02842000,62197385.40000000
2024-10-01,0.02843000,0.02938000,0.02523000,0.02597000,119797706.60000000
2024-10-02,0.02597000,0.02714000,0.02487000,0.02555000,84352429.30000000
2024-10-03,0.02555000,0.02619000,0.02432000,0.02529000,91493984.90000000
2024-10-04,0.02531000,0.02677000,0.02501000,0.02673000,106326025.80000000
2024-10-05,0.02674000,0.02736000,0.02615000,0.02661000,35466409.00000000
2024-10-06,0.02665000,0.02754000,0.02645000,0.02754000,30099710.10000000
2024-10-07,0.02754000,0.02807000,0.02681000,0.02687000,58441888.60000000
2024-10-08,0.02687000,0.02726000,0.02621000,0.02648000,58452134.70000000
2024-10-09,0.02649000,0.02683000,0.02522000,0.02572000,69688005.80000000
2024-10-10,0.02573000,0.02600000,0.02463000,0.02558000,57673450.20000000
2024-10-11,0.02558000,0.02698000,0.02552000,0.02681000,39834925.40000000
2024-10-12,0.02682000,0.02722000,0.02660000,0.02685000,35993781.60000000
2024-10-13,0.02685000,0.02706000,0.02600000,0.02687000,37134496.10000000
2024-10-14,0.02687000,0.02809000,0.02647000,0.02785000,78160529.10000000
2024-10-15,0.02786000,0.02796000,0.02645000,0.02764000,87694266.80000000
2024-10-16,0.02764000,0.02788000,0.02702000,0.02732000,63559767.80000000
2024-10-17,0.02733000,0.02752000,0.02623000,0.02683000,37004419.40000000
2024-10-18,0.02684000,0.02738000,0.02670000,0.02735000,31313008.50000000
2024-10-19,0.02736000,0.02846000,0.02735000,0.02791000,49131246.70000000
2024-10-20,0.02791000,0.02891000,0.02765000,0.02891000,60573817.70000000
2024-10-21,0.02892000,0.02913000,0.02752000,0.02796000,78659167.40000000
2024-10-22,0.02796000,0.02812000,0.02692000,0.02763000,53068553.20000000
2024-10-23,0.02766000,0.02771000,0.02588000,0.02656000,49813252.10000000
2024-10-24,0.02657000,0.02870000,0.02603000,0.02738000,279170937.20000000
2024-10-25,0.02740000,0.02745000,0.02348000,0.02454000,129861133.00000000
2024-10-26,0.02454000,0.02509000,0.02417000,0.02473000,57633184.20000000
2024-10-27,0.02473000,0.02537000,0.02454000,0.02511000,33524055.80000000
2024-10-28,0.02512000,0.02535000,0.02405000,0.02497000,54951923.50000000
2024-10-29,0.02498000,0.02623000,0.02488000,0.02610000,67420615.40000000
2024-10-30,0.02610000,0.02612000,0.02532000,0.02556000,43947731.70000000
2024-10-31,0.02557000,0.02560000,0.02404000,0.02439000,44016255.30000000
2024-11-01,0.02438000,0.02486000,0.02358000,0.02391000,41205826.70000000
2024-11-02,0.02395000,0.02432000,0.02313000,0.02352000,32752803.80000000
2024-11-03,0.02354000,0.02366000,0.02191000,0.02280000,64868361.60000000
2024-11-04,0.02281000,0.02340000,0.02178000,0.02237000,89882364.50000000
2024-11-05,0.02236000,0.02359000,0.02236000,0.02334000,53856421.10000000
2024-11-06,0.02335000,0.02579000,0.02335000,0.02566000,112048715.90000000
2024-11-07,0.02567000,0.02642000,0.02533000,0.02578000,76567302.50000000
2024-11-08,0.02580000,0.02615000,0.02513000,0.02611000,66412508.80000000
2024-11-09,0.02611000,0.02774000,0.02569000,0.02746000,115501674.80000000
2024-11-10,0.02744000,0.02965000,0.02711000,0.02896000,229103788.90000000
2024-11-11,0.02897000,0.03050000,0.02809000,0.03039000,189557591.60000000
2024-11-12,0.03040000,0.03300000,0.02853000,0.03216000,345332191.10000000
2024-11-13,0.03218000,0.03300000,0.02862000,0.02970000,254891576.00000000
2024-11-14,0.02973000,0.03102000,0.02806000,0.02854000,153904520.40000000
2024-11-15,0.02853000,0.03136000,0.02756000,0.03090000,127192203.90000000
2024-11-16,0.03090000,0.03334000,0.03069000,0.03324000,177554309.80000000
2024-11-17,0.03326000,0.03326000,0.03065000,0.03137000,143099454.00000000
2024-11-18,0.03139000,0.03533000,0.03118000,0.03475000,224364127.50000000
2024-11-19,0.03476000,0.03614000,0.03308000,0.03403000,211923798.90000000
2024-11-20,0.03403000,0.03412000,0.03167000,0.03255000,96433844.10000000
2024-11-21,0.03256000,0.03439000,0.03154000,0.03393000,113209122.60000000
2024-11-22,0.03394000,0.03492000,0.03255000,0.03484000,108627259.00000000
2024-11-23,0.03484000,0.04089000,0.03413000,0.03918000,343852704.50000000
2024-11-24,0.03920000,0.04188000,0.03614000,0.03973000,267308569.20000000
2024-11-25,0.03970000,0.04161000,0.03721000,0.03820000,202078979.60000000
2024-11-26,0.03820000,0.04143000,0.03766000,0.04101000,252145230.40000000
2024-11-27,0.04100000,0.04345000,0.03962000,0.04258000,160342105.00000000
2024-11-28,0.04259000,0.04259000,0.04013000,0.04168000,99939464.50000000
2024-11-29,0.04169000,0.04317000,0.04045000,0.04264000,94711308.40000000
2024-11-30,0.04265000,0.04560000,0.04174000,0.04471000,147285362.90000000
2024-12-01,0.04472000,0.04574000,0.04275000,0.04421000,124974722.40000000
2024-12-02,0.04423000,0.04493000,0.03999000,0.04463000,178629313.50000000
2024-12-03,0.04461000,0.05004000,0.04342000,0.04927000,457991820.60000000
2024-12-04,0.04927000,0.05271000,0.04768000,0.05127000,297135440.70000000
2024-12-05,0.05129000,0.06400000,0.04801000,0.05719000,625240255.70000000
2024-12-06,0.05720000,0.05910000,0.05254000,0.05683000,367292914.00000000
2024-12-07,0.05683000,0.05758000,0.05385000,0.05462000,131000897.10000000
2024-12-08,0.05465000,0.05543000,0.05207000,0.05507000,105124741.90000000
2024-12-09,0.05507000,0.05510000,0.03910000,0.04447000,273758299.60000000
2024-12-10,0.04448000,0.04591000,0.03919000,0.04303000,231103661.60000000
2024-12-11,0.04304000,0.04758000,0.04099000,0.04701000,178723152.50000000
2024-12-12,0.04703000,0.05179000,0.04650000,0.04779000,225630725.20000000
2024-12-13,0.04780000,0.04802000,0.04582000,0.04742000,79196053.40000000
2024-12-14,0.04744000,0.04784000,0.04388000,0.04481000,66990054.00000000
2024-12-15,0.04481000,0.04665000,0.04347000,0.04640000,61995705.20000000
2024-12-16,0.04646000,0.04822000,0.04420000,0.04537000,134257729.70000000
2024-12-17,0.04539000,0.04571000,0.04221000,0.04265000,89915533.50000000
2024-12-18,0.04266000,0.04283000,0.03550000,0.03813000,142452916.30000000
2024-12-19,0.03814000,0.03987000,0.03414000,0.03527000,169884042.40000000
2024-12-20,0.03527000,0.03703000,0.03042000,0.03689000,220767364.80000000
2024-12-21,0.03688000,0.03885000,0.03408000,0.03464000,101041021.60000000
2024-12-22,0.03469000,0.03661000,0.03393000,0.03507000,83025220.10000000
2024-12-23,0.03510000,0.03791000,0.03403000,0.03740000,90638546.50000000
2024-12-24,0.03740000,0.04044000,0.03645000,0.03916000,98494446.60000000
2024-12-25,0.03917000,0.03988000,0.03778000,0.03819000,79288304.00000000
2024-12-26,0.03815000,0.03850000,0.03461000,0.03497000,80106487.90000000
2024-12-27,0.03498000,0.03697000,0.03452000,0.03522000,58383219.50000000
2024-12-28,0.03523000,0.03753000,0.03509000,0.03751000,77124929.60000000
2024-12-29,0.03753000,0.03756000,0.03441000,0.03481000,88257694.70000000
2024-12-30,0.03481000,0.03624000,0.03340000,0.03441000,143567430.60000000
2024-12-31,0.03441000,0.03492000,0.03314000,0.03363000,76629693.40000000
2025-01-01,0.03363000,0.03551000,0.03297000,0.03540000,63668440.80000000
2025-01-02,0.03541000,0.03698000,0.03530000,0.03631000,83398326.20000000
2025-01-03,0.03633000,0.03937000,0.03573000,0.03918000,84274277.10000000
2025-01-04,0.03918000,0.03945000,0.03815000,0.03897000,66781025.20000000
2025-01-05,0.03892000,0.03978000,0.03846000,0.03944000,74788332.50000000
2025-01-06,0.03944000,0.04132000,0.03858000,0.04074000,96849974.90000000
2025-01-07,0.04073000,0.04083000,0.03577000,0.03577000,127473936.90000000
2025-01-08,0.03577000,0.03613000,0.03302000,0.03502000,145268749.00000000
2025-01-09,0.03501000,0.03707000,0.03394000,0.03577000,196098071.20000000
2025-01-10,0.03578000,0.03820000,0.03523000,0.03712000,232801648.90000000
2025-01-11,0.03715000,0.03853000,0.03674000,0.03755000,115418695.60000000
2025-01-12,0.03756000,0.03902000,0.03580000,0.03639000,110809188.70000000
2025-01-13,0.03637000,0.03721000,0.03177000,0.03491000,168371331.90000000
2025-01-14,0.03491000,0.03585000,0.03433000,0.03520000,40646051.00000000
